Coord_X,Coord_y,Coord_z,Phi_latitud,Landa_longitud,Altura
408078.35217419354,-6158372.410980646,1605162.5571483872,14.67235840404141,-86.20889513959887,419.96901975385845